benchmark,profile,creation_bytes,runtime_bytes,runtime_checks
amm_pair_subset,solc-0.8.36-legacy-200,1392,1364,pass
amm_pair_subset,solc-0.8.36-viair-200,1200,1174,pass
amm_pair_subset,solar-gas-200,1084,1066,pass
amm_pair_subset,solar-size-1,1034,1016,pass
counter,solc-0.8.36-legacy-200,323,240,pass
counter,solc-0.8.36-viair-200,324,223,pass
counter,solar-gas-200,181,123,pass
counter,solar-size-1,181,123,pass
create2_address_hashing,solc-0.8.36-legacy-200,574,546,pass
create2_address_hashing,solc-0.8.36-viair-200,505,479,pass
create2_address_hashing,solar-gas-200,331,313,pass
create2_address_hashing,solar-size-1,331,313,pass
curve_stableswap_2coin,solc-0.8.36-legacy-200,30349,24854,pass
curve_stableswap_2coin,solc-0.8.36-viair-200,24897,19544,pass
curve_stableswap_2coin,solar-gas-200,27540,20876,pass
curve_stableswap_2coin,solar-size-1,27890,21713,pass
eip1167_codehash_bookkeeping,solc-0.8.36-legacy-200,752,724,pass
eip1167_codehash_bookkeeping,solc-0.8.36-viair-200,622,596,pass
eip1167_codehash_bookkeeping,solar-gas-200,475,457,pass
eip1167_codehash_bookkeeping,solar-size-1,475,457,pass
erc20_minimal,solc-0.8.36-legacy-200,1630,1474,pass
erc20_minimal,solc-0.8.36-viair-200,1439,1277,pass
erc20_minimal,solar-gas-200,1151,1028,pass
erc20_minimal,solar-size-1,1118,995,pass
erc20_permit_hashing,solc-0.8.36-legacy-200,642,614,pass
erc20_permit_hashing,solc-0.8.36-viair-200,542,516,pass
erc20_permit_hashing,solar-gas-200,382,364,pass
erc20_permit_hashing,solar-size-1,406,388,pass
merkle_verifier,solc-0.8.36-legacy-200,599,571,pass
merkle_verifier,solc-0.8.36-viair-200,464,438,pass
merkle_verifier,solar-gas-200,245,228,pass
merkle_verifier,solar-size-1,257,240,pass
ownable_pausable,solc-0.8.36-legacy-200,972,882,pass
ownable_pausable,solc-0.8.36-viair-200,829,747,pass
ownable_pausable,solar-gas-200,640,566,pass
ownable_pausable,solar-size-1,588,514,pass
scale_abi_args_1,solc-0.8.36-legacy-200,122,96,pass
scale_abi_args_1,solc-0.8.36-viair-200,88,64,pass
scale_abi_args_1,solar-gas-200,58,41,pass
scale_abi_args_1,solar-size-1,58,41,pass
scale_abi_args_16,solc-0.8.36-viair-200,214,190,pass
scale_abi_args_16,solar-gas-200,254,237,pass
scale_abi_args_16,solar-size-1,254,237,pass
scale_abi_args_2,solc-0.8.36-legacy-200,180,154,pass
scale_abi_args_2,solc-0.8.36-viair-200,120,96,pass
scale_abi_args_2,solar-gas-200,90,73,pass
scale_abi_args_2,solar-size-1,90,73,pass
scale_abi_args_32,solc-0.8.36-viair-200,350,324,pass
scale_abi_args_32,solar-gas-200,447,429,pass
scale_abi_args_32,solar-size-1,447,429,pass
scale_abi_args_4,solc-0.8.36-legacy-200,219,193,pass
scale_abi_args_4,solc-0.8.36-viair-200,145,121,pass
scale_abi_args_4,solar-gas-200,113,96,pass
scale_abi_args_4,solar-size-1,113,96,pass
scale_abi_args_64,solc-0.8.36-viair-200,574,548,pass
scale_abi_args_64,solar-gas-200,831,813,pass
scale_abi_args_64,solar-size-1,831,813,pass
scale_abi_args_8,solc-0.8.36-legacy-200,319,291,pass
scale_abi_args_8,solc-0.8.36-viair-200,166,142,pass
scale_abi_args_8,solar-gas-200,158,141,pass
scale_abi_args_8,solar-size-1,158,141,pass
scale_dispatch_1,solc-0.8.36-legacy-200,158,132,pass
scale_dispatch_1,solc-0.8.36-viair-200,163,139,pass
scale_dispatch_1,solar-gas-200,96,79,pass
scale_dispatch_1,solar-size-1,96,79,pass
scale_dispatch_16,solc-0.8.36-legacy-200,482,454,pass
scale_dispatch_16,solc-0.8.36-viair-200,746,720,pass
scale_dispatch_16,solar-gas-200,439,421,pass
scale_dispatch_16,solar-size-1,349,331,pass
scale_dispatch_2,solc-0.8.36-legacy-200,171,145,pass
scale_dispatch_2,solc-0.8.36-viair-200,199,175,pass
scale_dispatch_2,solar-gas-200,112,95,pass
scale_dispatch_2,solar-size-1,112,95,pass
scale_dispatch_32,solc-0.8.36-legacy-200,830,802,pass
scale_dispatch_32,solc-0.8.36-viair-200,1354,1328,pass
scale_dispatch_32,solar-gas-200,791,773,pass
scale_dispatch_32,solar-size-1,662,644,pass
scale_dispatch_4,solc-0.8.36-legacy-200,203,177,pass
scale_dispatch_4,solc-0.8.36-viair-200,270,245,pass
scale_dispatch_4,solar-gas-200,158,141,pass
scale_dispatch_4,solar-size-1,144,127,pass
scale_dispatch_64,solc-0.8.36-legacy-200,1526,1498,pass
scale_dispatch_64,solc-0.8.36-viair-200,2569,2543,pass
scale_dispatch_64,solar-gas-200,1339,1321,pass
scale_dispatch_64,solar-size-1,1238,1220,pass
scale_dispatch_8,solc-0.8.36-legacy-200,308,280,pass
scale_dispatch_8,solc-0.8.36-viair-200,442,416,pass
scale_dispatch_8,solar-gas-200,255,238,pass
scale_dispatch_8,solar-size-1,208,191,pass
scale_events_1,solc-0.8.36-legacy-200,229,203,pass
scale_events_1,solc-0.8.36-viair-200,193,169,pass
scale_events_1,solar-gas-200,150,133,pass
scale_events_1,solar-size-1,165,148,pass
scale_events_16,solc-0.8.36-legacy-200,229,203,pass
scale_events_16,solc-0.8.36-viair-200,193,169,pass
scale_events_16,solar-gas-200,145,128,pass
scale_events_16,solar-size-1,169,152,pass
scale_events_2,solc-0.8.36-legacy-200,229,203,pass
scale_events_2,solc-0.8.36-viair-200,193,169,pass
scale_events_2,solar-gas-200,145,128,pass
scale_events_2,solar-size-1,169,152,pass
scale_events_32,solc-0.8.36-legacy-200,229,203,pass
scale_events_32,solc-0.8.36-viair-200,193,169,pass
scale_events_32,solar-gas-200,145,128,pass
scale_events_32,solar-size-1,169,152,pass
scale_events_4,solc-0.8.36-legacy-200,229,203,pass
scale_events_4,solc-0.8.36-viair-200,193,169,pass
scale_events_4,solar-gas-200,145,128,pass
scale_events_4,solar-size-1,169,152,pass
scale_events_64,solc-0.8.36-legacy-200,229,203,pass
scale_events_64,solc-0.8.36-viair-200,193,169,pass
scale_events_64,solar-gas-200,145,128,pass
scale_events_64,solar-size-1,169,152,pass
scale_events_8,solc-0.8.36-legacy-200,229,203,pass
scale_events_8,solc-0.8.36-viair-200,193,169,pass
scale_events_8,solar-gas-200,145,128,pass
scale_events_8,solar-size-1,169,152,pass
scale_external_calls_1,solc-0.8.36-legacy-200,303,275,pass
scale_external_calls_1,solc-0.8.36-viair-200,262,237,pass
scale_external_calls_1,solar-gas-200,158,141,pass
scale_external_calls_1,solar-size-1,177,160,pass
scale_external_calls_16,solc-0.8.36-legacy-200,303,275,pass
scale_external_calls_16,solc-0.8.36-viair-200,262,237,pass
scale_external_calls_16,solar-gas-200,191,174,pass
scale_external_calls_16,solar-size-1,209,192,pass
scale_external_calls_2,solc-0.8.36-legacy-200,303,275,pass
scale_external_calls_2,solc-0.8.36-viair-200,262,237,pass
scale_external_calls_2,solar-gas-200,191,174,pass
scale_external_calls_2,solar-size-1,209,192,pass
scale_external_calls_32,solc-0.8.36-legacy-200,303,275,pass
scale_external_calls_32,solc-0.8.36-viair-200,262,237,pass
scale_external_calls_32,solar-gas-200,191,174,pass
scale_external_calls_32,solar-size-1,209,192,pass
scale_external_calls_4,solc-0.8.36-legacy-200,303,275,pass
scale_external_calls_4,solc-0.8.36-viair-200,262,237,pass
scale_external_calls_4,solar-gas-200,191,174,pass
scale_external_calls_4,solar-size-1,209,192,pass
scale_external_calls_64,solc-0.8.36-legacy-200,303,275,pass
scale_external_calls_64,solc-0.8.36-viair-200,262,237,pass
scale_external_calls_64,solar-gas-200,191,174,pass
scale_external_calls_64,solar-size-1,209,192,pass
scale_external_calls_8,solc-0.8.36-legacy-200,303,275,pass
scale_external_calls_8,solc-0.8.36-viair-200,262,237,pass
scale_external_calls_8,solar-gas-200,191,174,pass
scale_external_calls_8,solar-size-1,209,192,pass
scale_loop_bound_1,solc-0.8.36-legacy-200,160,134,pass
scale_loop_bound_1,solc-0.8.36-viair-200,136,112,pass
scale_loop_bound_1,solar-gas-200,82,65,pass
scale_loop_bound_1,solar-size-1,83,66,pass
scale_loop_bound_16,solc-0.8.36-legacy-200,160,134,pass
scale_loop_bound_16,solc-0.8.36-viair-200,136,112,pass
scale_loop_bound_16,solar-gas-200,109,92,pass
scale_loop_bound_16,solar-size-1,97,80,pass
scale_loop_bound_2,solc-0.8.36-legacy-200,160,134,pass
scale_loop_bound_2,solc-0.8.36-viair-200,136,112,pass
scale_loop_bound_2,solar-gas-200,109,92,pass
scale_loop_bound_2,solar-size-1,97,80,pass
scale_loop_bound_32,solc-0.8.36-legacy-200,160,134,pass
scale_loop_bound_32,solc-0.8.36-viair-200,136,112,pass
scale_loop_bound_32,solar-gas-200,109,92,pass
scale_loop_bound_32,solar-size-1,97,80,pass
scale_loop_bound_4,solc-0.8.36-legacy-200,160,134,pass
scale_loop_bound_4,solc-0.8.36-viair-200,136,112,pass
scale_loop_bound_4,solar-gas-200,109,92,pass
scale_loop_bound_4,solar-size-1,97,80,pass
scale_loop_bound_64,solc-0.8.36-legacy-200,160,134,pass
scale_loop_bound_64,solc-0.8.36-viair-200,136,112,pass
scale_loop_bound_64,solar-gas-200,109,92,pass
scale_loop_bound_64,solar-size-1,97,80,pass
scale_loop_bound_8,solc-0.8.36-legacy-200,160,134,pass
scale_loop_bound_8,solc-0.8.36-viair-200,136,112,pass
scale_loop_bound_8,solar-gas-200,109,92,pass
scale_loop_bound_8,solar-size-1,97,80,pass
scale_mapping_depth_1,solc-0.8.36-legacy-200,267,240,pass
scale_mapping_depth_1,solc-0.8.36-viair-200,195,171,pass
scale_mapping_depth_1,solar-gas-200,153,136,pass
scale_mapping_depth_1,solar-size-1,151,134,pass
scale_mapping_depth_16,solc-0.8.36-legacy-200,1532,1504,pass
scale_mapping_depth_16,solc-0.8.36-viair-200,1643,1617,pass
scale_mapping_depth_16,solar-gas-200,1348,1330,pass
scale_mapping_depth_16,solar-size-1,1283,1265,pass
scale_mapping_depth_2,solc-0.8.36-legacy-200,368,340,pass
scale_mapping_depth_2,solc-0.8.36-viair-200,342,316,pass
scale_mapping_depth_2,solar-gas-200,241,224,pass
scale_mapping_depth_2,solar-size-1,242,225,pass
scale_mapping_depth_32,solc-0.8.36-legacy-200,2875,2847,pass
scale_mapping_depth_32,solc-0.8.36-viair-200,3132,3106,pass
scale_mapping_depth_32,solar-gas-200,2539,2521,pass
scale_mapping_depth_32,solar-size-1,2566,2548,pass
scale_mapping_depth_4,solc-0.8.36-legacy-200,528,500,pass
scale_mapping_depth_4,solc-0.8.36-viair-200,528,502,pass
scale_mapping_depth_4,solar-gas-200,397,379,pass
scale_mapping_depth_4,solar-size-1,390,372,pass
scale_mapping_depth_64,solc-0.8.36-legacy-200,5554,5526,pass
scale_mapping_depth_64,solc-0.8.36-viair-200,6105,6079,pass
scale_mapping_depth_64,solar-gas-200,4813,4795,pass
scale_mapping_depth_64,solar-size-1,5030,5012,pass
scale_mapping_depth_8,solc-0.8.36-legacy-200,862,834,pass
scale_mapping_depth_8,solc-0.8.36-viair-200,899,873,pass
scale_mapping_depth_8,solar-gas-200,720,702,pass
scale_mapping_depth_8,solar-size-1,685,667,pass
scale_storage_slots_1,solc-0.8.36-legacy-200,229,203,pass
scale_storage_slots_1,solc-0.8.36-viair-200,165,141,pass
scale_storage_slots_1,solar-gas-200,83,66,pass
scale_storage_slots_1,solar-size-1,83,66,pass
scale_storage_slots_16,solc-0.8.36-legacy-200,1256,1228,pass
scale_storage_slots_16,solc-0.8.36-viair-200,1349,1323,pass
scale_storage_slots_16,solar-gas-200,1053,1035,pass
scale_storage_slots_16,solar-size-1,915,897,pass
scale_storage_slots_2,solc-0.8.36-legacy-200,315,287,pass
scale_storage_slots_2,solc-0.8.36-viair-200,257,232,pass
scale_storage_slots_2,solar-gas-200,162,145,pass
scale_storage_slots_2,solar-size-1,162,145,pass
scale_storage_slots_32,solc-0.8.36-legacy-200,2340,2312,pass
scale_storage_slots_32,solc-0.8.36-viair-200,2567,2541,pass
scale_storage_slots_32,solar-gas-200,2010,1992,pass
scale_storage_slots_32,solar-size-1,1863,1845,pass
scale_storage_slots_4,solc-0.8.36-legacy-200,443,415,pass
scale_storage_slots_4,solc-0.8.36-viair-200,432,406,pass
scale_storage_slots_4,solar-gas-200,287,269,pass
scale_storage_slots_4,solar-size-1,272,255,pass
scale_storage_slots_64,solc-0.8.36-legacy-200,4508,4480,pass
scale_storage_slots_64,solc-0.8.36-viair-200,5001,4975,pass
scale_storage_slots_64,solar-gas-200,3806,3788,pass
scale_storage_slots_64,solar-size-1,3655,3637,pass
scale_storage_slots_8,solc-0.8.36-legacy-200,714,686,pass
scale_storage_slots_8,solc-0.8.36-viair-200,741,715,pass
scale_storage_slots_8,solar-gas-200,545,527,pass
scale_storage_slots_8,solar-size-1,494,476,pass
scaling_dispatch_N,solc-0.8.36-legacy-200,830,802,pass
scaling_dispatch_N,solc-0.8.36-viair-200,1354,1328,pass
scaling_dispatch_N,solar-gas-200,791,773,pass
scaling_dispatch_N,solar-size-1,662,644,pass
uniswap_v2_factory,solc-0.8.36-legacy-200,2447,1764,pass
uniswap_v2_factory,solc-0.8.36-viair-200,2635,2034,pass
uniswap_v2_factory,solar-gas-200,2213,1361,pass
uniswap_v2_factory,solar-size-1,2181,1332,pass
uniswap_v2_pair,solc-0.8.36-legacy-200,8510,8243,pass
uniswap_v2_pair,solc-0.8.36-viair-200,7930,7631,pass
uniswap_v2_pair,solar-gas-200,7508,7319,pass
uniswap_v2_pair,solar-size-1,7478,7289,pass
vault_deposit_withdraw,solc-0.8.36-legacy-200,863,835,pass
vault_deposit_withdraw,solc-0.8.36-viair-200,758,732,pass
vault_deposit_withdraw,solar-gas-200,544,526,pass
vault_deposit_withdraw,solar-size-1,501,483,pass
yearn_vault_v2,solc-0.8.36-legacy-200,21912,21884,pass
yearn_vault_v2,solc-0.8.36-viair-200,21834,21808,pass
yearn_vault_v2,solar-gas-200,16056,16038,pass
yearn_vault_v2,solar-size-1,16456,16438,pass
yearn_vault_v3,solc-0.8.36-legacy-200,25279,25233,pass
yearn_vault_v3,solc-0.8.36-viair-200,28572,28528,pass
yearn_vault_v3,solar-gas-200,22300,22262,pass
yearn_vault_v3,solar-size-1,22715,22677,pass
